"crop","treatment","outcome","instrument","fixed_effects","cluster","nobs","n_clusters","estimate","std_error","conf_low","conf_high","residual_y_sd","residual_x_sd","residual_z_sd","first_stage_coefficient_full","first_stage_se_full","first_stage_f_full_diagnostic_only"
"maize","maize_yield","acled_inc_sum","spi6","gid + year","gid",72169,6680,184.452590793658,56.0992193110276,74.5001413832304,294.405040204086,2.66542098441256,0.00570915996691837,0.603919390875788,-0.000347790292405832,3.51665537397966e-05,97.8082054769803
"wheat","wheat_yield","acled_inc_sum","spi6","gid + year","gid",72169,6680,75.1305028819157,23.1944038050649,29.6703067811097,120.590698982722,2.66542098441256,0.00955194594062713,0.603919390875788,-0.000853858526515747,5.87908558094641e-05,210.936761866774
